[
   {
      "id": 1,
      "title": "Zack Lee",
      "subTitle": "Real estate Agent",
      "img": "assets/images/avatar/5.jpg",
      "mobile": "426015400",
      "email": "zack@gmail.com",
      "fax": "247 054 787",
      "property": 2,
      "newUser": true
    },
    {
      "id": 2,
      "title": "Greta Life",
      "subTitle": "Real estate agent",
      "img": "assets/images/avatar/3.jpg",
      "mobile": "5470087201",
      "email": "life@gmail.in",
      "fax": "248 200 325",
      "property": 3
    },
    {
      "id": 3,
      "title": "Bob Frapples",
      "subTitle": "Sales Executive",
      "img": "assets/images/avatar/2.jpg",
      "mobile": "2714203587",
      "email": "bob@gmail.in",
      "fax": "571 241 925",
      "property": 6
    },
    {
      "id": 4,
      "title": "Paige Turner",
      "subTitle": "Marketing",
      "img": "assets/images/avatar/6.jpg",
      "mobile": "3178405278",
      "email": "turner@gmail.in",
      "fax": "287 845 317",
      "property": 1,
      "newUser": true

    },
    {
      "id": 5,
      "title": "Brock Lee",
      "subTitle": "Real estate agent",
      "img": "assets/images/avatar/7.jpg",
      "mobile": "2197207878",
      "email": "brock@gmail.in",
      "fax": "967 218 674",
      "property": 4
    },
    {
      "id": 6,
      "title": "Mary Goround",
      "subTitle": "Marketing",
      "img": "assets/images/avatar/8.jpg",
      "mobile": "2197207878",
      "email": "marygor@gmail.in",
      "fax": "967 218 674",
      "property": 2
    },
    {
      "id": 7,
      "title": "Paige Turner",
      "subTitle": "Marketing",
      "img": "assets/images/avatar/5.jpg",
      "mobile": "3178405278",
      "email": "turner@gmail.in",
      "fax": "287 845 317",
      "property": 1
    },
    {
      "id": 8,
      "title": "Brock Lee",
      "subTitle": "Real estate agent",
      "img": "assets/images/avatar/3.jpg",
      "mobile": "2197207878",
      "email": "brock@gmail.in",
      "fax": "967 218 674",
      "property": 4
    }
]
